id,provider_name,provider_id,segment_name,country
11156742,"Audiences by Oracle (BlueKai, Datalogix, AddThis)",1262,Branded Data > Nordic Data Resources > Denmark > Economy > Household Income (BlueKai),denmark
15102661,"Audiences by Oracle (BlueKai, Datalogix, AddThis)",1262,Branded Data > Nordic Data Resources > Denmark > Economy > Household Income > 300-699.999 DKK (Power Reach) (BlueKai),denmark
11157242,"Audiences by Oracle (BlueKai, Datalogix, AddThis)",1262,Branded Data > Nordic Data Resources > Denmark > Economy > Household Income > 300-699.999 DKK (Super Target) (BlueKai),denmark
15101406,"Audiences by Oracle (BlueKai, Datalogix, AddThis)",1262,Branded Data > Nordic Data Resources > Denmark > Economy > Household Income > 700-999.999 DKK (Power Reach) (BlueKai),denmark
11153573,"Audiences by Oracle (BlueKai, Datalogix, AddThis)",1262,Branded Data > Nordic Data Resources > Denmark > Economy > Household Income > 700-999.999 DKK (Super Target) (BlueKai),denmark
11153106,"Audiences by Oracle (BlueKai, Datalogix, AddThis)",1262,Branded Data > Nordic Data Resources > Denmark > Economy > Household Income > Elite (BlueKai),denmark
11154469,"Audiences by Oracle (BlueKai, Datalogix, AddThis)",1262,Branded Data > Nordic Data Resources > Denmark > Economy > Household Income > High (BlueKai),denmark
15101320,"Audiences by Oracle (BlueKai, Datalogix, AddThis)",1262,Branded Data > Nordic Data Resources > Denmark > Economy > Household Income > Less than 300.000 DKK (Power Reach) (BlueKai),denmark
11156104,"Audiences by Oracle (BlueKai, Datalogix, AddThis)",1262,Branded Data > Nordic Data Resources > Denmark > Economy > Household Income > Less than 300.000 DKK (Super Target) (BlueKai),denmark
11153682,"Audiences by Oracle (BlueKai, Datalogix, AddThis)",1262,Branded Data > Nordic Data Resources > Denmark > Economy > Household Income > Low (BlueKai),denmark
11154020,"Audiences by Oracle (BlueKai, Datalogix, AddThis)",1262,Branded Data > Nordic Data Resources > Denmark > Economy > Household Income > Medium (BlueKai),denmark
15101308,"Audiences by Oracle (BlueKai, Datalogix, AddThis)",1262,Branded Data > Nordic Data Resources > Denmark > Economy > Household Income > Over 1 Million DKK (Power Reach) (BlueKai),denmark
11156575,"Audiences by Oracle (BlueKai, Datalogix, AddThis)",1262,Branded Data > Nordic Data Resources > Denmark > Economy > Household Income > Over 1 Million DKK (Super Target) (BlueKai),denmark
11155306,"Audiences by Oracle (BlueKai, Datalogix, AddThis)",1262,Branded Data > Nordic Data Resources > Denmark > Economy > Insurance > Has a Private Health Insurance (Super Target) (BlueKai),denmark
15102737,"Audiences by Oracle (BlueKai, Datalogix, AddThis)",1262,Branded Data > Nordic Data Resources > Denmark > Economy > Insurance > Has an Unemployment Insurance (Power Reach) (BlueKai),denmark
11154777,"Audiences by Oracle (BlueKai, Datalogix, AddThis)",1262,Branded Data > Nordic Data Resources > Denmark > Economy > Insurance > Has an Unemployment Insurance (Super Target) (BlueKai),denmark
11155101,"Audiences by Oracle (BlueKai, Datalogix, AddThis)",1262,Branded Data > Nordic Data Resources > Denmark > Economy > Insurance > No Unemployment Insurance (Super Target) (BlueKai),denmark
11155505,"Audiences by Oracle (BlueKai, Datalogix, AddThis)",1262,"Branded Data > Nordic Data Resources > Denmark > Online Mosaic > New 2017 Mosaic > (B) Modern, Married & Affluent (BlueKai)",denmark
8012492,"Audiences by Oracle (BlueKai, Datalogix, AddThis)",1262,Branded Data > Nordic Data Resources > Denmark > Power Reach > Financial Services > Wealthy (BlueKai),denmark
8011062,"Audiences by Oracle (BlueKai, Datalogix, AddThis)",1262,Branded Data > Nordic Data Resources > Denmark > Power Reach > Income (BlueKai),denmark
8012505,"Audiences by Oracle (BlueKai, Datalogix, AddThis)",1262,Branded Data > Nordic Data Resources > Denmark > Power Reach > Income > Elite (BlueKai),denmark
8012504,"Audiences by Oracle (BlueKai, Datalogix, AddThis)",1262,Branded Data > Nordic Data Resources > Denmark > Power Reach > Income > High (BlueKai),denmark
8012511,"Audiences by Oracle (BlueKai, Datalogix, AddThis)",1262,Branded Data > Nordic Data Resources > Denmark > Power Reach > Income > Medium (BlueKai),denmark
8012510,"Audiences by Oracle (BlueKai, Datalogix, AddThis)",1262,Branded Data > Nordic Data Resources > Denmark > Power Reach > Income > Modest (BlueKai),denmark
15102369,"Audiences by Oracle (BlueKai, Datalogix, AddThis)",1262,Branded Data > Nordic Data Resources > Denmark > Shopping > Shops Luxury Products (Power Reach) (BlueKai),denmark
11154134,"Audiences by Oracle (BlueKai, Datalogix, AddThis)",1262,Branded Data > Nordic Data Resources > Denmark > Shopping > Shops Luxury Products (Super Target) (BlueKai),denmark
8012538,"Audiences by Oracle (BlueKai, Datalogix, AddThis)",1262,Branded Data > Nordic Data Resources > Denmark > Super Target > Cars > Luxury Cars (BlueKai),denmark
8012563,"Audiences by Oracle (BlueKai, Datalogix, AddThis)",1262,Branded Data > Nordic Data Resources > Denmark > Super Target > Loans & Pensions > Loans & Credit (BlueKai),denmark
7518146,"Audiences by Oracle (BlueKai, Datalogix, AddThis)",1262,Branded Data > Semasio > Denmark > Interest > Automotive > Luxury (BlueKai),denmark
7518156,"Audiences by Oracle (BlueKai, Datalogix, AddThis)",1262,Branded Data > Semasio > Denmark > Interest > Luxury Products (BlueKai),denmark
10178607,"Audiences by Oracle (BlueKai, Datalogix, AddThis)",1262,Branded Data > Mobilewalla > Finland > General Demography > Average Income (BlueKai),finland
10179260,"Audiences by Oracle (BlueKai, Datalogix, AddThis)",1262,Branded Data > Mobilewalla > Finland > General Demography > High Income (BlueKai),finland
10177831,"Audiences by Oracle (BlueKai, Datalogix, AddThis)",1262,Branded Data > Mobilewalla > Finland > General Demography > Low Income (BlueKai),finland
15103213,"Audiences by Oracle (BlueKai, Datalogix, AddThis)",1262,Branded Data > Nordic Data Resources > Finland > Automotive > Car Segment > F: Luxury Cars (Power Reach) (BlueKai),finland
11156339,"Audiences by Oracle (BlueKai, Datalogix, AddThis)",1262,Branded Data > Nordic Data Resources > Finland > Automotive > Car Segment > F: Luxury Cars (Super Target) (BlueKai),finland
15102145,"Audiences by Oracle (BlueKai, Datalogix, AddThis)",1262,Branded Data > Nordic Data Resources > Finland > Economy > High Income (Power Reach) (BlueKai),finland
11154753,"Audiences by Oracle (BlueKai, Datalogix, AddThis)",1262,Branded Data > Nordic Data Resources > Finland > Economy > High Income (Super Target) (BlueKai),finland
15101952,"Audiences by Oracle (BlueKai, Datalogix, AddThis)",1262,Branded Data > Nordic Data Resources > Finland > Economy > Low Income (Power Reach) (BlueKai),finland
11154733,"Audiences by Oracle (BlueKai, Datalogix, AddThis)",1262,Branded Data > Nordic Data Resources > Finland > Economy > Low Income (Super Target) (BlueKai),finland
15101985,"Audiences by Oracle (BlueKai, Datalogix, AddThis)",1262,Branded Data > Nordic Data Resources > Finland > Economy > Medium Income (Power Reach) (BlueKai),finland
11157002,"Audiences by Oracle (BlueKai, Datalogix, AddThis)",1262,Branded Data > Nordic Data Resources > Finland > Economy > Medium Income (Super Target) (BlueKai),finland
8012576,"Audiences by Oracle (BlueKai, Datalogix, AddThis)",1262,Branded Data > Nordic Data Resources > Finland > Power Reach > Financial Services > Wealthy (BlueKai),finland
8012615,"Audiences by Oracle (BlueKai, Datalogix, AddThis)",1262,Branded Data > Nordic Data Resources > Finland > Super Target > Economy > Income (BlueKai),finland
8013377,"Audiences by Oracle (BlueKai, Datalogix, AddThis)",1262,Branded Data > Nordic Data Resources > Finland > Super Target > Economy > Income > High Income (BlueKai),finland
8013371,"Audiences by Oracle (BlueKai, Datalogix, AddThis)",1262,Branded Data > Nordic Data Resources > Finland > Super Target > Economy > Income > Medium Income (BlueKai),finland
8013358,"Audiences by Oracle (BlueKai, Datalogix, AddThis)",1262,Branded Data > Nordic Data Resources > Finland > Super Target > Economy > Income > Modest Income (BlueKai),finland
7521450,"Audiences by Oracle (BlueKai, Datalogix, AddThis)",1262,Branded Data > Conexance > France - Conexance Demographics > Lifestyle > Promising active youth > Rich youth in cities (BlueKai),france
7521447,"Audiences by Oracle (BlueKai, Datalogix, AddThis)",1262,Branded Data > Conexance > France - Conexance Demographics > Lifestyle > Promising active youth > Rich youth in paris (BlueKai),france
7521462,"Audiences by Oracle (BlueKai, Datalogix, AddThis)",1262,Branded Data > Conexance > France - Conexance Demographics > Lifestyle > Successful mature families > Upscale neighborhood (BlueKai),france
7521467,"Audiences by Oracle (BlueKai, Datalogix, AddThis)",1262,Branded Data > Conexance > France - Conexance Demographics > Lifestyle > Successful mature families > Wealthy retirees (BlueKai),france
7521470,"Audiences by Oracle (BlueKai, Datalogix, AddThis)",1262,Branded Data > Conexance > France - Conexance Demographics > Lifestyle > Successful mature families > Workers in comfort (BlueKai),france
9986623,"Audiences by Oracle (BlueKai, Datalogix, AddThis)",1262,Branded Data > Factual - Geopulse Audiences > France > Behavioral - Auto > In-Market Auto Intenders - Luxury Cars (BlueKai),france
9987322,"Audiences by Oracle (BlueKai, Datalogix, AddThis)",1262,Branded Data > Factual - Geopulse Audiences > France > Behavioral - Retail > Luxury Goods Shoppers (Affluent Consumer) (BlueKai),france
7892326,"Audiences by Oracle (BlueKai, Datalogix, AddThis)",1262,Branded Data > Mobilewalla > France > General Demography > Average Income (BlueKai),france
7892328,"Audiences by Oracle (BlueKai, Datalogix, AddThis)",1262,Branded Data > Mobilewalla > France > General Demography > High Income (BlueKai),france
7892329,"Audiences by Oracle (BlueKai, Datalogix, AddThis)",1262,Branded Data > Mobilewalla > France > General Demography > Low Income (BlueKai),france
7850821,"Audiences by Oracle (BlueKai, Datalogix, AddThis)",1262,"Oracle Country-Specific Audiences > France (FR) > Auto, Cars and Trucks > In-Market > Body Styles > Cars > Luxury Cars (BlueKai)",france
7850855,"Audiences by Oracle (BlueKai, Datalogix, AddThis)",1262,"Oracle Country-Specific Audiences > France (FR) > Auto, Cars and Trucks > Interest (Affinity) > Body Styles > Cars > Luxury Cars (BlueKai)",france
7850692,"Audiences by Oracle (BlueKai, Datalogix, AddThis)",1262,Oracle Country-Specific Audiences > France (FR) > Financial Services > Insurance > Interest (Affinity) > Home and Property Insurance (BlueKai),france
8575553,"Audiences by Oracle (BlueKai, Datalogix, AddThis)",1262,Oracle Country-Specific Audiences > France (FR) > Hobbies and Interests (Affinity) > Shopping > Luxury Buyers (BlueKai),france
8573684,"Audiences by Oracle (BlueKai, Datalogix, AddThis)",1262,Oracle Country-Specific Audiences > France (FR) > Lifestyles > Discretionary Spenders (Disposable Income) (BlueKai),france
8574810,"Audiences by Oracle (BlueKai, Datalogix, AddThis)",1262,Oracle Country-Specific Audiences > France (FR) > Lifestyles > Discretionary Spenders (Disposable Income) > Young and Hip (BlueKai),france
8576703,"Audiences by Oracle (BlueKai, Datalogix, AddThis)",1262,Oracle Country-Specific Audiences > France (FR) > Retail > Shopping Styles > Type > Luxury Shoppers (BlueKai),france
7866995,"Audiences by Oracle (BlueKai, Datalogix, AddThis)",1262,Oracle Country-Specific Audiences > France > Autos > In-Market > Body Styles > Luxury Crossovers (BlueKai),france
7866992,"Audiences by Oracle (BlueKai, Datalogix, AddThis)",1262,Oracle Country-Specific Audiences > France > Autos > In-Market > Body Styles > Luxury SUVs (BlueKai),france
7864444,"Audiences by Oracle (BlueKai, Datalogix, AddThis)",1262,Oracle Country-Specific Audiences > France > B2B > Demographic > High Income (BlueKai),france
7868408,"Audiences by Oracle (BlueKai, Datalogix, AddThis)",1262,Oracle Country-Specific Audiences > France > B2B > Firmographic > Industry > Financial & Insurance Services > Fund Management (BlueKai),france
7868402,"Audiences by Oracle (BlueKai, Datalogix, AddThis)",1262,Oracle Country-Specific Audiences > France > B2B > Firmographic > Industry > Financial & Insurance Services > Investment Banking (BlueKai),france
7868403,"Audiences by Oracle (BlueKai, Datalogix, AddThis)",1262,Oracle Country-Specific Audiences > France > B2B > Firmographic > Industry > Financial & Insurance Services > Securities & Commodities Brokerage (BlueKai),france
7868404,"Audiences by Oracle (BlueKai, Datalogix, AddThis)",1262,Oracle Country-Specific Audiences > France > B2B > Firmographic > Industry > Financial & Insurance Services > Wealth Management (BlueKai),france
7866805,"Audiences by Oracle (BlueKai, Datalogix, AddThis)",1262,Oracle Country-Specific Audiences > France > Financial Services > Insurance > Holders > Life Insurance (BlueKai),france
7866806,"Audiences by Oracle (BlueKai, Datalogix, AddThis)",1262,Oracle Country-Specific Audiences > France > Financial Services > Insurance > In-Market > Life Insurance (BlueKai),france
7866814,"Audiences by Oracle (BlueKai, Datalogix, AddThis)",1262,Oracle Country-Specific Audiences > France > Financial Services > Insurance > Interest > Life Insurance (BlueKai),france
9986824,"Audiences by Oracle (BlueKai, Datalogix, AddThis)",1262,Branded Data > Factual - Geopulse Audiences > Germany > Behavioral - Auto > In-Market Auto Intenders - Luxury Cars (BlueKai),germany
9986655,"Audiences by Oracle (BlueKai, Datalogix, AddThis)",1262,Branded Data > Factual - Geopulse Audiences > Germany > Behavioral - Retail > Luxury Goods Shoppers (Affluent Consumer) (BlueKai),germany
7892367,"Audiences by Oracle (BlueKai, Datalogix, AddThis)",1262,Branded Data > Mobilewalla > Germany > General Demography > Average Income (BlueKai),germany
7892393,"Audiences by Oracle (BlueKai, Datalogix, AddThis)",1262,Branded Data > Mobilewalla > Germany > General Demography > High Income (BlueKai),germany
7892394,"Audiences by Oracle (BlueKai, Datalogix, AddThis)",1262,Branded Data > Mobilewalla > Germany > General Demography > Low Income (BlueKai),germany
11154262,"Audiences by Oracle (BlueKai, Datalogix, AddThis)",1262,Branded Data > Nordic Data Resources > Germany > Household Income (BlueKai),germany
11156616,"Audiences by Oracle (BlueKai, Datalogix, AddThis)",1262,Branded Data > Nordic Data Resources > Germany > Household Income > Elite Income (Super Target) (BlueKai),germany
11156443,"Audiences by Oracle (BlueKai, Datalogix, AddThis)",1262,Branded Data > Nordic Data Resources > Germany > Household Income > High Income (Super Target) (BlueKai),germany
11152838,"Audiences by Oracle (BlueKai, Datalogix, AddThis)",1262,Branded Data > Nordic Data Resources > Germany > Household Income > Low Income (Super Target) (BlueKai),germany
11154480,"Audiences by Oracle (BlueKai, Datalogix, AddThis)",1262,Branded Data > Nordic Data Resources > Germany > Household Income > Medium Income (Super Target) (BlueKai),germany
7518109,"Audiences by Oracle (BlueKai, Datalogix, AddThis)",1262,Branded Data > Semasio > Germany > Socio-Demographic > Income (BlueKai),germany
7518112,"Audiences by Oracle (BlueKai, Datalogix, AddThis)",1262,Branded Data > Semasio > Germany > Socio-Demographic > Income > 2000 To 4000 (BlueKai),germany
7518115,"Audiences by Oracle (BlueKai, Datalogix, AddThis)",1262,Branded Data > Semasio > Germany > Socio-Demographic > Income > 4000 Above (BlueKai),germany
7518118,"Audiences by Oracle (BlueKai, Datalogix, AddThis)",1262,Branded Data > Semasio > Germany > Socio-Demographic > Income > Under 2000 (BlueKai),germany
7850886,"Audiences by Oracle (BlueKai, Datalogix, AddThis)",1262,"Oracle Country-Specific Audiences > Germany (DE) > Auto, Cars and Trucks > In-Market > Body Styles > Cars > Luxury Cars (BlueKai)",germany
7864568,"Audiences by Oracle (BlueKai, Datalogix, AddThis)",1262,"Oracle Country-Specific Audiences > Germany (DE) > Auto, Cars and Trucks > Interest (Affinity) > Body Styles > Cars > Luxury Cars (BlueKai)",germany
7849533,"Audiences by Oracle (BlueKai, Datalogix, AddThis)",1262,Oracle Country-Specific Audiences > Germany (DE) > Financial Services > Insurance > Interest (Affinity) > Life Insurance (BlueKai),germany
8575595,"Audiences by Oracle (BlueKai, Datalogix, AddThis)",1262,Oracle Country-Specific Audiences > Germany (DE) > Hobbies and Interests (Affinity) > Shopping > Luxury Buyers (BlueKai),germany
8573688,"Audiences by Oracle (BlueKai, Datalogix, AddThis)",1262,Oracle Country-Specific Audiences > Germany (DE) > Lifestyles > Discretionary Spenders (Disposable Income) (BlueKai),germany
8574814,"Audiences by Oracle (BlueKai, Datalogix, AddThis)",1262,Oracle Country-Specific Audiences > Germany (DE) > Lifestyles > Discretionary Spenders (Disposable Income) > Young and Hip (BlueKai),germany
8576735,"Audiences by Oracle (BlueKai, Datalogix, AddThis)",1262,Oracle Country-Specific Audiences > Germany (DE) > Retail > Shopping Styles > Type > Luxury Shoppers (BlueKai),germany
7867159,"Audiences by Oracle (BlueKai, Datalogix, AddThis)",1262,Oracle Country-Specific Audiences > Germany > Autos > In-Market > Body Styles > Luxury Crossovers (BlueKai),germany
7867158,"Audiences by Oracle (BlueKai, Datalogix, AddThis)",1262,Oracle Country-Specific Audiences > Germany > Autos > In-Market > Body Styles > Luxury SUVs (BlueKai),germany
7864447,"Audiences by Oracle (BlueKai, Datalogix, AddThis)",1262,Oracle Country-Specific Audiences > Germany > B2B > Demographic > High Income (BlueKai),germany
7868472,"Audiences by Oracle (BlueKai, Datalogix, AddThis)",1262,Oracle Country-Specific Audiences > Germany > B2B > Firmographic > Industry > Financial & Insurance Services > Fund Management (BlueKai),germany
7868468,"Audiences by Oracle (BlueKai, Datalogix, AddThis)",1262,Oracle Country-Specific Audiences > Germany > B2B > Firmographic > Industry > Financial & Insurance Services > Investment Banking (BlueKai),germany
7868469,"Audiences by Oracle (BlueKai, Datalogix, AddThis)",1262,Oracle Country-Specific Audiences > Germany > B2B > Firmographic > Industry > Financial & Insurance Services > Securities & Commodities Brokerage (BlueKai),germany
7868470,"Audiences by Oracle (BlueKai, Datalogix, AddThis)",1262,Oracle Country-Specific Audiences > Germany > B2B > Firmographic > Industry > Financial & Insurance Services > Wealth Management (BlueKai),germany
7865741,"Audiences by Oracle (BlueKai, Datalogix, AddThis)",1262,Oracle Country-Specific Audiences > Germany > Financial Services > Insurance > In-Market > Health Insurance (BlueKai),germany
7865748,"Audiences by Oracle (BlueKai, Datalogix, AddThis)",1262,Oracle Country-Specific Audiences > Germany > Financial Services > Insurance > In-Market > Life Insurance (BlueKai),germany
7849531,"Audiences by Oracle (BlueKai, Datalogix, AddThis)",1262,Oracle Country-Specific Audiences > Germany > Financial Services > Insurance > Interest > Health Insurance (BlueKai),germany
9987253,"Audiences by Oracle (BlueKai, Datalogix, AddThis)",1262,Branded Data > Factual - Geopulse Audiences > Italy > Behavioral - Auto > In-Market Auto Intenders - Luxury Cars (BlueKai),italy
9987059,"Audiences by Oracle (BlueKai, Datalogix, AddThis)",1262,Branded Data > Factual - Geopulse Audiences > Italy > Behavioral - Retail > Luxury Goods Shoppers (Affluent Consumer) (BlueKai),italy
7892632,"Audiences by Oracle (BlueKai, Datalogix, AddThis)",1262,Branded Data > Mobilewalla > Italy > General Demography > Average Income (BlueKai),italy
7892626,"Audiences by Oracle (BlueKai, Datalogix, AddThis)",1262,Branded Data > Mobilewalla > Italy > General Demography > High Income (BlueKai),italy
7892627,"Audiences by Oracle (BlueKai, Datalogix, AddThis)",1262,Branded Data > Mobilewalla > Italy > General Demography > Low Income (BlueKai),italy
7848908,"Audiences by Oracle (BlueKai, Datalogix, AddThis)",1262,"Oracle Country-Specific Audiences > Italy (IT) > Auto, Cars and Trucks > In-Market > Body Styles > Cars > Luxury Cars (BlueKai)",italy
7848932,"Audiences by Oracle (BlueKai, Datalogix, AddThis)",1262,"Oracle Country-Specific Audiences > Italy (IT) > Auto, Cars and Trucks > Interest (Affinity) > Body Styles > Cars > Luxury Cars (BlueKai)",italy
7865858,"Audiences by Oracle (BlueKai, Datalogix, AddThis)",1262,Oracle Country-Specific Audiences > Italy (IT) > Financial Services > Insurance > In-Market > Life Insurance (BlueKai),italy
7849642,"Audiences by Oracle (BlueKai, Datalogix, AddThis)",1262,Oracle Country-Specific Audiences > Italy (IT) > Financial Services > Insurance > Interest (Affinity) > Life Insurance (BlueKai),italy
8573690,"Audiences by Oracle (BlueKai, Datalogix, AddThis)",1262,Oracle Country-Specific Audiences > Italy (IT) > Lifestyles > Discretionary Spenders (Disposable Income) (BlueKai),italy
8574832,"Audiences by Oracle (BlueKai, Datalogix, AddThis)",1262,Oracle Country-Specific Audiences > Italy (IT) > Lifestyles > Discretionary Spenders (Disposable Income) > Young and Hip (BlueKai),italy
8576762,"Audiences by Oracle (BlueKai, Datalogix, AddThis)",1262,Oracle Country-Specific Audiences > Italy (IT) > Retail > Shopping Styles > Type > Luxury Shoppers (BlueKai),italy
7864872,"Audiences by Oracle (BlueKai, Datalogix, AddThis)",1262,Oracle Country-Specific Audiences > Italy > Autos > In-Market > Body Styles > Luxury Crossovers (BlueKai),italy
7864873,"Audiences by Oracle (BlueKai, Datalogix, AddThis)",1262,Oracle Country-Specific Audiences > Italy > Autos > In-Market > Body Styles > Luxury SUVs (BlueKai),italy
7864450,"Audiences by Oracle (BlueKai, Datalogix, AddThis)",1262,Oracle Country-Specific Audiences > Italy > B2B > Demographic > High Income (BlueKai),italy
7868524,"Audiences by Oracle (BlueKai, Datalogix, AddThis)",1262,Oracle Country-Specific Audiences > Italy > B2B > Firmographic > Industry > Financial & Insurance Services > Fund Management (BlueKai),italy
7868520,"Audiences by Oracle (BlueKai, Datalogix, AddThis)",1262,Oracle Country-Specific Audiences > Italy > B2B > Firmographic > Industry > Financial & Insurance Services > Investment Banking (BlueKai),italy
7868521,"Audiences by Oracle (BlueKai, Datalogix, AddThis)",1262,Oracle Country-Specific Audiences > Italy > B2B > Firmographic > Industry > Financial & Insurance Services > Securities & Commodities Brokerage (BlueKai),italy
7868522,"Audiences by Oracle (BlueKai, Datalogix, AddThis)",1262,Oracle Country-Specific Audiences > Italy > B2B > Firmographic > Industry > Financial & Insurance Services > Wealth Management (BlueKai),italy
10180348,"Audiences by Oracle (BlueKai, Datalogix, AddThis)",1262,Branded Data > Mobilewalla > Netherlands > General Demography > Average Income (BlueKai),netherlands
9987242,"Audiences by Oracle (BlueKai, Datalogix, AddThis)",1262,Branded Data > Factual - Geopulse Audiences > Spain > Behavioral - Auto > In-Market Auto Intenders - Luxury Cars (BlueKai),spain
9987468,"Audiences by Oracle (BlueKai, Datalogix, AddThis)",1262,Branded Data > Factual - Geopulse Audiences > Spain > Behavioral - Retail > Luxury Goods Shoppers (Affluent Consumer) (BlueKai),spain
7893010,"Audiences by Oracle (BlueKai, Datalogix, AddThis)",1262,Branded Data > Mobilewalla > Spain > General Demography > Average Income (BlueKai),spain
7893026,"Audiences by Oracle (BlueKai, Datalogix, AddThis)",1262,Branded Data > Mobilewalla > Spain > General Demography > High Income (BlueKai),spain
7893027,"Audiences by Oracle (BlueKai, Datalogix, AddThis)",1262,Branded Data > Mobilewalla > Spain > General Demography > Low Income (BlueKai),spain
7848949,"Audiences by Oracle (BlueKai, Datalogix, AddThis)",1262,"Oracle Country-Specific Audiences > Spain (ES) > Auto, Cars and Trucks > In-Market > Body Styles > Cars > Luxury Cars (BlueKai)",spain
7848962,"Audiences by Oracle (BlueKai, Datalogix, AddThis)",1262,"Oracle Country-Specific Audiences > Spain (ES) > Auto, Cars and Trucks > Interest (Affinity) > Body Styles > Cars > Luxury Cars (BlueKai)",spain
8575774,"Audiences by Oracle (BlueKai, Datalogix, AddThis)",1262,Oracle Country-Specific Audiences > Spain (ES) > Hobbies and Interests (Affinity) > Shopping > Luxury Buyers (BlueKai),spain
8573700,"Audiences by Oracle (BlueKai, Datalogix, AddThis)",1262,Oracle Country-Specific Audiences > Spain (ES) > Lifestyles > Discretionary Spenders (Disposable Income) (BlueKai),spain
8574856,"Audiences by Oracle (BlueKai, Datalogix, AddThis)",1262,Oracle Country-Specific Audiences > Spain (ES) > Lifestyles > Discretionary Spenders (Disposable Income) > Young and Hip (BlueKai),spain
8576820,"Audiences by Oracle (BlueKai, Datalogix, AddThis)",1262,Oracle Country-Specific Audiences > Spain (ES) > Retail > Shopping Styles > Type > Luxury Shoppers (BlueKai),spain
7864986,"Audiences by Oracle (BlueKai, Datalogix, AddThis)",1262,Oracle Country-Specific Audiences > Spain > Autos > In-Market > Body Styles > Luxury Crossovers (BlueKai),spain
7864987,"Audiences by Oracle (BlueKai, Datalogix, AddThis)",1262,Oracle Country-Specific Audiences > Spain > Autos > In-Market > Body Styles > Luxury SUVs (BlueKai),spain
7864462,"Audiences by Oracle (BlueKai, Datalogix, AddThis)",1262,Oracle Country-Specific Audiences > Spain > B2B > Demographic > High Income (BlueKai),spain
7868669,"Audiences by Oracle (BlueKai, Datalogix, AddThis)",1262,Oracle Country-Specific Audiences > Spain > B2B > Firmographic > Industry > Financial & Insurance Services > Fund Management (BlueKai),spain
7868665,"Audiences by Oracle (BlueKai, Datalogix, AddThis)",1262,Oracle Country-Specific Audiences > Spain > B2B > Firmographic > Industry > Financial & Insurance Services > Investment Banking (BlueKai),spain
7868666,"Audiences by Oracle (BlueKai, Datalogix, AddThis)",1262,Oracle Country-Specific Audiences > Spain > B2B > Firmographic > Industry > Financial & Insurance Services > Securities & Commodities Brokerage (BlueKai),spain
7868667,"Audiences by Oracle (BlueKai, Datalogix, AddThis)",1262,Oracle Country-Specific Audiences > Spain > B2B > Firmographic > Industry > Financial & Insurance Services > Wealth Management (BlueKai),spain
7866245,"Audiences by Oracle (BlueKai, Datalogix, AddThis)",1262,Oracle Country-Specific Audiences > Spain > Financial Services > Insurance > In-Market > Health Insurance (BlueKai),spain
7866243,"Audiences by Oracle (BlueKai, Datalogix, AddThis)",1262,Oracle Country-Specific Audiences > Spain > Financial Services > Insurance > In-Market > Life Insurance (BlueKai),spain
7849954,"Audiences by Oracle (BlueKai, Datalogix, AddThis)",1262,Oracle Country-Specific Audiences > Spain > Financial Services > Insurance > Interest > Health Insurance (BlueKai),spain
7866242,"Audiences by Oracle (BlueKai, Datalogix, AddThis)",1262,Oracle Country-Specific Audiences > Spain > Financial Services > Insurance > Interest > Life Insurance (BlueKai),spain
15102884,"Audiences by Oracle (BlueKai, Datalogix, AddThis)",1262,Branded Data > Nordic Data Resources > Sweden > Economy > Family > Fairly High Income From Capital (Power Reach) (BlueKai),sweden
11152803,"Audiences by Oracle (BlueKai, Datalogix, AddThis)",1262,Branded Data > Nordic Data Resources > Sweden > Economy > Family > Fairly High Income From Capital (Super Target) (BlueKai),sweden
15101934,"Audiences by Oracle (BlueKai, Datalogix, AddThis)",1262,Branded Data > Nordic Data Resources > Sweden > Economy > Family > Fairly Low Income From Capital (Power Reach) (BlueKai),sweden
11153861,"Audiences by Oracle (BlueKai, Datalogix, AddThis)",1262,Branded Data > Nordic Data Resources > Sweden > Economy > Family > Fairly Low Income From Capital (Super Target) (BlueKai),sweden
15101610,"Audiences by Oracle (BlueKai, Datalogix, AddThis)",1262,Branded Data > Nordic Data Resources > Sweden > Economy > Family > High Income From Capital (Power Reach) (BlueKai),sweden
11154589,"Audiences by Oracle (BlueKai, Datalogix, AddThis)",1262,Branded Data > Nordic Data Resources > Sweden > Economy > Family > High Income From Capital (Super Target) (BlueKai),sweden
15101849,"Audiences by Oracle (BlueKai, Datalogix, AddThis)",1262,Branded Data > Nordic Data Resources > Sweden > Economy > Family > Low Income From Capital (Power Reach) (BlueKai),sweden
11154025,"Audiences by Oracle (BlueKai, Datalogix, AddThis)",1262,Branded Data > Nordic Data Resources > Sweden > Economy > Family > Low Income From Capital (Super Target) (BlueKai),sweden
15101641,"Audiences by Oracle (BlueKai, Datalogix, AddThis)",1262,Branded Data > Nordic Data Resources > Sweden > Economy > Family > No Income From Capital (Power Reach) (BlueKai),sweden
11154214,"Audiences by Oracle (BlueKai, Datalogix, AddThis)",1262,Branded Data > Nordic Data Resources > Sweden > Economy > Family > No Income From Capital (Super Target) (BlueKai),sweden
11153786,"Audiences by Oracle (BlueKai, Datalogix, AddThis)",1262,Branded Data > Nordic Data Resources > Sweden > Economy > Household Income (BlueKai),sweden
15101554,"Audiences by Oracle (BlueKai, Datalogix, AddThis)",1262,Branded Data > Nordic Data Resources > Sweden > Economy > Household Income > 0-149 999 (Power Reach) (BlueKai),sweden
11156686,"Audiences by Oracle (BlueKai, Datalogix, AddThis)",1262,Branded Data > Nordic Data Resources > Sweden > Economy > Household Income > 0-149 999 (Super Target) (BlueKai),sweden
15101080,"Audiences by Oracle (BlueKai, Datalogix, AddThis)",1262,Branded Data > Nordic Data Resources > Sweden > Economy > Household Income > 1 000 000 + (Power Reach) (BlueKai),sweden
11154815,"Audiences by Oracle (BlueKai, Datalogix, AddThis)",1262,Branded Data > Nordic Data Resources > Sweden > Economy > Household Income > 1 000 000 + (Super Target) (BlueKai),sweden
15101372,"Audiences by Oracle (BlueKai, Datalogix, AddThis)",1262,Branded Data > Nordic Data Resources > Sweden > Economy > Household Income > 150 000-299 999 (Power Reach) (BlueKai),sweden
11154920,"Audiences by Oracle (BlueKai, Datalogix, AddThis)",1262,Branded Data > Nordic Data Resources > Sweden > Economy > Household Income > 150 000-299 999 (Super Target) (BlueKai),sweden
15102970,"Audiences by Oracle (BlueKai, Datalogix, AddThis)",1262,Branded Data > Nordic Data Resources > Sweden > Economy > Household Income > 300 000-499 999 (Power Reach) (BlueKai),sweden
11155574,"Audiences by Oracle (BlueKai, Datalogix, AddThis)",1262,Branded Data > Nordic Data Resources > Sweden > Economy > Household Income > 300 000-499 999 (Super Target) (BlueKai),sweden
15101266,"Audiences by Oracle (BlueKai, Datalogix, AddThis)",1262,Branded Data > Nordic Data Resources > Sweden > Economy > Household Income > 500 000-749 999 (Power Reach) (BlueKai),sweden
11153829,"Audiences by Oracle (BlueKai, Datalogix, AddThis)",1262,Branded Data > Nordic Data Resources > Sweden > Economy > Household Income > 500 000-749 999 (Super Target) (BlueKai),sweden
15102133,"Audiences by Oracle (BlueKai, Datalogix, AddThis)",1262,Branded Data > Nordic Data Resources > Sweden > Economy > Household Income > 750 000-999 999 (Power Reach) (BlueKai),sweden
11155633,"Audiences by Oracle (BlueKai, Datalogix, AddThis)",1262,Branded Data > Nordic Data Resources > Sweden > Economy > Household Income > 750 000-999 999 (Super Target) (BlueKai),sweden
8011174,"Audiences by Oracle (BlueKai, Datalogix, AddThis)",1262,Branded Data > Nordic Data Resources > Sweden > Mosaic > (A) Affluent Pioneers (BlueKai),sweden
11155006,"Audiences by Oracle (BlueKai, Datalogix, AddThis)",1262,Branded Data > Nordic Data Resources > Sweden > Online Mosaic > (A) Affluent Pioneers (BlueKai),sweden
8012936,"Audiences by Oracle (BlueKai, Datalogix, AddThis)",1262,Branded Data > Nordic Data Resources > Sweden > Power Reach > Financial Services > Wealthy (BlueKai),sweden
8013502,"Audiences by Oracle (BlueKai, Datalogix, AddThis)",1262,Branded Data > Nordic Data Resources > Sweden > Super Target > Economy > Capital > Fairly High Income From Capital (BlueKai),sweden
8013507,"Audiences by Oracle (BlueKai, Datalogix, AddThis)",1262,Branded Data > Nordic Data Resources > Sweden > Super Target > Economy > Capital > Fairly Modest Income From Capital (BlueKai),sweden
8013505,"Audiences by Oracle (BlueKai, Datalogix, AddThis)",1262,Branded Data > Nordic Data Resources > Sweden > Super Target > Economy > Capital > High Income From Capital (BlueKai),sweden
8013504,"Audiences by Oracle (BlueKai, Datalogix, AddThis)",1262,Branded Data > Nordic Data Resources > Sweden > Super Target > Economy > Capital > Modest Income From Capital (BlueKai),sweden
8013069,"Audiences by Oracle (BlueKai, Datalogix, AddThis)",1262,Branded Data > Nordic Data Resources > Sweden > Super Target > Economy > Income (BlueKai),sweden
8013515,"Audiences by Oracle (BlueKai, Datalogix, AddThis)",1262,Branded Data > Nordic Data Resources > Sweden > Super Target > Economy > Income > 0-149 999 (BlueKai),sweden
8013514,"Audiences by Oracle (BlueKai, Datalogix, AddThis)",1262,Branded Data > Nordic Data Resources > Sweden > Super Target > Economy > Income > 1 000 000 + (BlueKai),sweden
8013513,"Audiences by Oracle (BlueKai, Datalogix, AddThis)",1262,Branded Data > Nordic Data Resources > Sweden > Super Target > Economy > Income > 150 000-299 999 (BlueKai),sweden
8013519,"Audiences by Oracle (BlueKai, Datalogix, AddThis)",1262,Branded Data > Nordic Data Resources > Sweden > Super Target > Economy > Income > 300 000-499 999 (BlueKai),sweden
8013518,"Audiences by Oracle (BlueKai, Datalogix, AddThis)",1262,Branded Data > Nordic Data Resources > Sweden > Super Target > Economy > Income > 500 000-749 999 (BlueKai),sweden
8013516,"Audiences by Oracle (BlueKai, Datalogix, AddThis)",1262,Branded Data > Nordic Data Resources > Sweden > Super Target > Economy > Income > 750 000-999 999 (BlueKai),sweden
7518187,"Audiences by Oracle (BlueKai, Datalogix, AddThis)",1262,Branded Data > Semasio > Sweden > Interest > Automotive > Luxury (BlueKai),sweden
7518197,"Audiences by Oracle (BlueKai, Datalogix, AddThis)",1262,Branded Data > Semasio > Sweden > Interest > Luxury Products (BlueKai),sweden
15101157,"Audiences by Oracle (BlueKai, Datalogix, AddThis)",1262,Branded Data > Nordic Data Resources > Denmark > Interests > Interested in Weightloss (Power Reach) (BlueKai),denmark
11155830,"Audiences by Oracle (BlueKai, Datalogix, AddThis)",1262,Branded Data > Nordic Data Resources > Denmark > Interests > Interested in Weightloss (Super Target) (BlueKai),denmark
8576938,"Audiences by Oracle (BlueKai, Datalogix, AddThis)",1262,Oracle Country-Specific Audiences > France (FR) > Hobbies and Interests (Affinity) > Health and Fitness > Wellness > Dieting and Weight Loss (BlueKai),france
8576955,"Audiences by Oracle (BlueKai, Datalogix, AddThis)",1262,Oracle Country-Specific Audiences > Germany (DE) > Hobbies and Interests (Affinity) > Health and Fitness > Wellness > Dieting and Weight Loss (BlueKai),germany
8576972,"Audiences by Oracle (BlueKai, Datalogix, AddThis)",1262,Oracle Country-Specific Audiences > Italy (IT) > Hobbies and Interests (Affinity) > Health and Fitness > Wellness > Dieting and Weight Loss (BlueKai),italy
8577010,"Audiences by Oracle (BlueKai, Datalogix, AddThis)",1262,Oracle Country-Specific Audiences > Spain (ES) > Hobbies and Interests (Affinity) > Health and Fitness > Wellness > Dieting and Weight Loss (BlueKai),spain
11155564,"Audiences by Oracle (BlueKai, Datalogix, AddThis)",1262,Branded Data > Nordic Data Resources > Denmark > Family & Parenting (BlueKai),denmark
11155185,"Audiences by Oracle (BlueKai, Datalogix, AddThis)",1262,Branded Data > Nordic Data Resources > Denmark > Family & Parenting > Children (BlueKai),denmark
15102392,"Audiences by Oracle (BlueKai, Datalogix, AddThis)",1262,Branded Data > Nordic Data Resources > Denmark > Family & Parenting > Children > Households with 1 or 2 Children (Power Reach) (BlueKai),denmark
11153862,"Audiences by Oracle (BlueKai, Datalogix, AddThis)",1262,Branded Data > Nordic Data Resources > Denmark > Family & Parenting > Children > Households with 1 or 2 Children (Super Target) (BlueKai),denmark
15101456,"Audiences by Oracle (BlueKai, Datalogix, AddThis)",1262,Branded Data > Nordic Data Resources > Denmark > Family & Parenting > Children > Households with Children (Power Reach) (BlueKai),denmark
11155367,"Audiences by Oracle (BlueKai, Datalogix, AddThis)",1262,Branded Data > Nordic Data Resources > Denmark > Family & Parenting > Children > Households with Children (Super Target) (BlueKai),denmark
15101560,"Audiences by Oracle (BlueKai, Datalogix, AddThis)",1262,Branded Data > Nordic Data Resources > Denmark > Family & Parenting > Children > Households with More than 2 Children (Power Reach) (BlueKai),denmark
11153007,"Audiences by Oracle (BlueKai, Datalogix, AddThis)",1262,Branded Data > Nordic Data Resources > Denmark > Family & Parenting > Children > Households with More than 2 Children (Super Target) (BlueKai),denmark
15101328,"Audiences by Oracle (BlueKai, Datalogix, AddThis)",1262,Branded Data > Nordic Data Resources > Denmark > Family & Parenting > Children > Households Without Children (Power Reach) (BlueKai),denmark
11156879,"Audiences by Oracle (BlueKai, Datalogix, AddThis)",1262,Branded Data > Nordic Data Resources > Denmark > Family & Parenting > Children > Households Without Children (Super Target) (BlueKai),denmark
11156869,"Audiences by Oracle (BlueKai, Datalogix, AddThis)",1262,Branded Data > Nordic Data Resources > Denmark > Family & Parenting > Gender (BlueKai),denmark
11155774,"Audiences by Oracle (BlueKai, Datalogix, AddThis)",1262,Branded Data > Nordic Data Resources > Denmark > Family & Parenting > Gender > Females (BlueKai),denmark
11153530,"Audiences by Oracle (BlueKai, Datalogix, AddThis)",1262,Branded Data > Nordic Data Resources > Denmark > Family & Parenting > Gender > Males (BlueKai),denmark
15102574,"Audiences by Oracle (BlueKai, Datalogix, AddThis)",1262,Branded Data > Nordic Data Resources > Denmark > Interests > Interested in Kids (Power Reach) (BlueKai),denmark
11154300,"Audiences by Oracle (BlueKai, Datalogix, AddThis)",1262,Branded Data > Nordic Data Resources > Denmark > Interests > Interested in Kids (Super Target) (BlueKai),denmark
11154842,"Audiences by Oracle (BlueKai, Datalogix, AddThis)",1262,Branded Data > Nordic Data Resources > Denmark > Life Phases > Couples with Kids (Power Reach) (BlueKai),denmark
11153254,"Audiences by Oracle (BlueKai, Datalogix, AddThis)",1262,Branded Data > Nordic Data Resources > Denmark > Life Phases > Couples with Kids (Super Target) (BlueKai),denmark
11157485,"Audiences by Oracle (BlueKai, Datalogix, AddThis)",1262,"Branded Data > Nordic Data Resources > Denmark > Life Phases > Couples, No Kids (Power Reach) (BlueKai)",denmark
11153799,"Audiences by Oracle (BlueKai, Datalogix, AddThis)",1262,"Branded Data > Nordic Data Resources > Denmark > Life Phases > Couples, No Kids (Super Target) (BlueKai)",denmark
11157121,"Audiences by Oracle (BlueKai, Datalogix, AddThis)",1262,Branded Data > Nordic Data Resources > Denmark > Life Phases > Families with School Children (BlueKai),denmark
11154630,"Audiences by Oracle (BlueKai, Datalogix, AddThis)",1262,Branded Data > Nordic Data Resources > Denmark > Life Phases > Families with Teen-Age Kids (BlueKai),denmark
11152966,"Audiences by Oracle (BlueKai, Datalogix, AddThis)",1262,Branded Data > Nordic Data Resources > Denmark > Life Phases > Families with Young Kids (BlueKai),denmark
11154921,"Audiences by Oracle (BlueKai, Datalogix, AddThis)",1262,Branded Data > Nordic Data Resources > Denmark > Life Phases > Older Couples with No Kids Living At Home (BlueKai),denmark
11153602,"Audiences by Oracle (BlueKai, Datalogix, AddThis)",1262,Branded Data > Nordic Data Resources > Denmark > Life Phases > Singles & Young Couples W/O Kids (BlueKai),denmark
11155008,"Audiences by Oracle (BlueKai, Datalogix, AddThis)",1262,Branded Data > Nordic Data Resources > Denmark > Life Phases > Singles with Kids (Power Reach) (BlueKai),denmark
11156318,"Audiences by Oracle (BlueKai, Datalogix, AddThis)",1262,Branded Data > Nordic Data Resources > Denmark > Life Phases > Singles with Kids (Super Target) (BlueKai),denmark
11155090,"Audiences by Oracle (BlueKai, Datalogix, AddThis)",1262,"Branded Data > Nordic Data Resources > Denmark > Life Phases > Singles, No Kids (Power Reach) (BlueKai)",denmark
11153688,"Audiences by Oracle (BlueKai, Datalogix, AddThis)",1262,"Branded Data > Nordic Data Resources > Denmark > Life Phases > Singles, No Kids (Super Target) (BlueKai)",denmark
8012509,"Audiences by Oracle (BlueKai, Datalogix, AddThis)",1262,Branded Data > Nordic Data Resources > Denmark > Power Reach > Life Phases > Families With Children (BlueKai),denmark
8013354,"Audiences by Oracle (BlueKai, Datalogix, AddThis)",1262,Branded Data > Nordic Data Resources > Denmark > Power Reach > Life Phases > Families With Children > Families With Teen-Age Kids (BlueKai),denmark
8013353,"Audiences by Oracle (BlueKai, Datalogix, AddThis)",1262,Branded Data > Nordic Data Resources > Denmark > Power Reach > Life Phases > Families With Children > Families With Young Kids (BlueKai),denmark
8013352,"Audiences by Oracle (BlueKai, Datalogix, AddThis)",1262,Branded Data > Nordic Data Resources > Denmark > Power Reach > Life Phases > Older Couples & Seniors > Older Couples With No Kids Living At Home (BlueKai),denmark
8012503,"Audiences by Oracle (BlueKai, Datalogix, AddThis)",1262,Branded Data > Nordic Data Resources > Denmark > Power Reach > Life Phases > Singles & Young Couples W/O Kids (BlueKai),denmark
8011072,"Audiences by Oracle (BlueKai, Datalogix, AddThis)",1262,Branded Data > Nordic Data Resources > Denmark > Super Target > Family & Parenting (BlueKai),denmark
8012534,"Audiences by Oracle (BlueKai, Datalogix, AddThis)",1262,Branded Data > Nordic Data Resources > Denmark > Super Target > Family & Parenting > Children'S Wear (BlueKai),denmark
8012531,"Audiences by Oracle (BlueKai, Datalogix, AddThis)",1262,Branded Data > Nordic Data Resources > Denmark > Super Target > Family & Parenting > Family & Parenting (BlueKai),denmark
8012525,"Audiences by Oracle (BlueKai, Datalogix, AddThis)",1262,Branded Data > Nordic Data Resources > Denmark > Super Target > Family & Parenting > Kids Toys (BlueKai),denmark
8012547,"Audiences by Oracle (BlueKai, Datalogix, AddThis)",1262,Branded Data > Nordic Data Resources > Denmark > Super Target > Shopping > Kids Toys (BlueKai),denmark
7518136,"Audiences by Oracle (BlueKai, Datalogix, AddThis)",1262,Branded Data > Semasio > Denmark > Intent > Baby & Children's Goods (BlueKai),denmark
7518152,"Audiences by Oracle (BlueKai, Datalogix, AddThis)",1262,Branded Data > Semasio > Denmark > Interest > Family & Parenting (BlueKai),denmark
10175940,"Audiences by Oracle (BlueKai, Datalogix, AddThis)",1262,Branded Data > Mobilewalla > Finland > General Demography > Young Mothers (BlueKai),finland
11154333,"Audiences by Oracle (BlueKai, Datalogix, AddThis)",1262,Branded Data > Nordic Data Resources > Finland > Family Type > Child (0-17 Yrs) (BlueKai),finland
11154188,"Audiences by Oracle (BlueKai, Datalogix, AddThis)",1262,Branded Data > Nordic Data Resources > Finland > Family Type > Childless Young Couple (-34 Yrs) (BlueKai),finland
11153681,"Audiences by Oracle (BlueKai, Datalogix, AddThis)",1262,Branded Data > Nordic Data Resources > Finland > Family Type > School-Age Child (7-12 Yrs) (BlueKai),finland
11154763,"Audiences by Oracle (BlueKai, Datalogix, AddThis)",1262,Branded Data > Nordic Data Resources > Finland > Family Type > Small Child (Under 3 Yrs) (BlueKai),finland
11153218,"Audiences by Oracle (BlueKai, Datalogix, AddThis)",1262,Branded Data > Nordic Data Resources > Finland > Family Type > Under-School-Age Child (Under 7 Yrs) (BlueKai),finland
11155722,"Audiences by Oracle (BlueKai, Datalogix, AddThis)",1262,Branded Data > Nordic Data Resources > Finland > Household Members > Children Groups (BlueKai),finland
15103550,"Audiences by Oracle (BlueKai, Datalogix, AddThis)",1262,Branded Data > Nordic Data Resources > Finland > Household Members > Children Groups > 12 - 17 Years Old (Power Reach) (BlueKai),finland
11154985,"Audiences by Oracle (BlueKai, Datalogix, AddThis)",1262,Branded Data > Nordic Data Resources > Finland > Household Members > Children Groups > 12 - 17 Years Old (Super Target) (BlueKai),finland
15102934,"Audiences by Oracle (BlueKai, Datalogix, AddThis)",1262,Branded Data > Nordic Data Resources > Finland > Household Members > Children Groups > 5 - 11 Years Old (Power Reach) (BlueKai),finland
11154902,"Audiences by Oracle (BlueKai, Datalogix, AddThis)",1262,Branded Data > Nordic Data Resources > Finland > Household Members > Children Groups > 5 - 11 Years Old (Super Target) (BlueKai),finland
15101674,"Audiences by Oracle (BlueKai, Datalogix, AddThis)",1262,Branded Data > Nordic Data Resources > Finland > Household Members > Children Groups > Over 18 (Power Reach) (BlueKai),finland
11154337,"Audiences by Oracle (BlueKai, Datalogix, AddThis)",1262,Branded Data > Nordic Data Resources > Finland > Household Members > Children Groups > Over 18 (Super Target) (BlueKai),finland
15102191,"Audiences by Oracle (BlueKai, Datalogix, AddThis)",1262,Branded Data > Nordic Data Resources > Finland > Household Members > Children Groups > Under 5 (Power Reach) (BlueKai),finland
11155739,"Audiences by Oracle (BlueKai, Datalogix, AddThis)",1262,Branded Data > Nordic Data Resources > Finland > Household Members > Children Groups > Under 5 (Super Target) (BlueKai),finland
11154526,"Audiences by Oracle (BlueKai, Datalogix, AddThis)",1262,Branded Data > Nordic Data Resources > Finland > Household Members > Number of Children (BlueKai),finland
15101822,"Audiences by Oracle (BlueKai, Datalogix, AddThis)",1262,Branded Data > Nordic Data Resources > Finland > Household Members > Number of Children > 1 (Power Reach) (BlueKai),finland
11153782,"Audiences by Oracle (BlueKai, Datalogix, AddThis)",1262,Branded Data > Nordic Data Resources > Finland > Household Members > Number of Children > 1 (Super Target) (BlueKai),finland
15102624,"Audiences by Oracle (BlueKai, Datalogix, AddThis)",1262,Branded Data > Nordic Data Resources > Finland > Household Members > Number of Children > 2 (Power Reach) (BlueKai),finland
11154875,"Audiences by Oracle (BlueKai, Datalogix, AddThis)",1262,Branded Data > Nordic Data Resources > Finland > Household Members > Number of Children > 2 (Super Target) (BlueKai),finland
15102438,"Audiences by Oracle (BlueKai, Datalogix, AddThis)",1262,Branded Data > Nordic Data Resources > Finland > Household Members > Number of Children > 3 (Power Reach) (BlueKai),finland
11154557,"Audiences by Oracle (BlueKai, Datalogix, AddThis)",1262,Branded Data > Nordic Data Resources > Finland > Household Members > Number of Children > 3 (Super Target) (BlueKai),finland
15101502,"Audiences by Oracle (BlueKai, Datalogix, AddThis)",1262,Branded Data > Nordic Data Resources > Finland > Household Members > Number of Children > 4 (Power Reach) (BlueKai),finland
11154852,"Audiences by Oracle (BlueKai, Datalogix, AddThis)",1262,Branded Data > Nordic Data Resources > Finland > Household Members > Number of Children > 4 (Super Target) (BlueKai),finland
15101672,"Audiences by Oracle (BlueKai, Datalogix, AddThis)",1262,Branded Data > Nordic Data Resources > Finland > Household Members > Number of Children > 5 or More (Power Reach) (BlueKai),finland
11157539,"Audiences by Oracle (BlueKai, Datalogix, AddThis)",1262,Branded Data > Nordic Data Resources > Finland > Household Members > Number of Children > 5 or More (Super Target) (BlueKai),finland
15102817,"Audiences by Oracle (BlueKai, Datalogix, AddThis)",1262,Branded Data > Nordic Data Resources > Finland > Household Members > Number of Children > None (Power Reach) (BlueKai),finland
11155072,"Audiences by Oracle (BlueKai, Datalogix, AddThis)",1262,Branded Data > Nordic Data Resources > Finland > Household Members > Number of Children > None (Super Target) (BlueKai),finland
8012599,"Audiences by Oracle (BlueKai, Datalogix, AddThis)",1262,Branded Data > Nordic Data Resources > Finland > Power Reach > Life Phases > Families With Children (BlueKai),finland
8012610,"Audiences by Oracle (BlueKai, Datalogix, AddThis)",1262,Branded Data > Nordic Data Resources > Finland > Power Reach > Life Phases > Older Couples Without Children (BlueKai),finland
8012611,"Audiences by Oracle (BlueKai, Datalogix, AddThis)",1262,Branded Data > Nordic Data Resources > Finland > Super Target > Family Type > Child (0-17 Yrs) (BlueKai),finland
8013357,"Audiences by Oracle (BlueKai, Datalogix, AddThis)",1262,Branded Data > Nordic Data Resources > Finland > Super Target > Family Type > Child (0-17 Yrs) > School-Age Child (7-12 Yrs) (BlueKai),finland
8013370,"Audiences by Oracle (BlueKai, Datalogix, AddThis)",1262,Branded Data > Nordic Data Resources > Finland > Super Target > Family Type > Child (0-17 Yrs) > Small Child (Under 3 Yrs) (BlueKai),finland
8013368,"Audiences by Oracle (BlueKai, Datalogix, AddThis)",1262,Branded Data > Nordic Data Resources > Finland > Super Target > Family Type > Child (0-17 Yrs) > Teenager (13-17 Yrs) (BlueKai),finland
8013359,"Audiences by Oracle (BlueKai, Datalogix, AddThis)",1262,Branded Data > Nordic Data Resources > Finland > Super Target > Family Type > Child (0-17 Yrs) > Under-School-Age Child (Under 7 Yrs) (BlueKai),finland
8012612,"Audiences by Oracle (BlueKai, Datalogix, AddThis)",1262,Branded Data > Nordic Data Resources > Finland > Super Target > Family Type > No Children (BlueKai),finland
8013381,"Audiences by Oracle (BlueKai, Datalogix, AddThis)",1262,Branded Data > Nordic Data Resources > Finland > Super Target > Family Type > No Children > Childless Young Couple (-34 Yrs) (BlueKai),finland
8013380,"Audiences by Oracle (BlueKai, Datalogix, AddThis)",1262,Branded Data > Nordic Data Resources > Finland > Super Target > Family Type > No Children > Grown-Up (18-64 Yrs) (BlueKai),finland
8013379,"Audiences by Oracle (BlueKai, Datalogix, AddThis)",1262,Branded Data > Nordic Data Resources > Finland > Super Target > Family Type > No Children > Pension-Age (65- Yrs) (BlueKai),finland
8013378,"Audiences by Oracle (BlueKai, Datalogix, AddThis)",1262,Branded Data > Nordic Data Resources > Finland > Super Target > Family Type > No Children > Single Young (-34 Yrs) (BlueKai),finland
8012633,"Audiences by Oracle (BlueKai, Datalogix, AddThis)",1262,Branded Data > Nordic Data Resources > Finland > Super Target > Interests > Family & Parenting (BlueKai),finland
7521247,"Audiences by Oracle (BlueKai, Datalogix, AddThis)",1262,Branded Data > Conexance > France - Conexance Demographics > Demographics > Age of Children (BlueKai),france
7521250,"Audiences by Oracle (BlueKai, Datalogix, AddThis)",1262,Branded Data > Conexance > France - Conexance Demographics > Demographics > Age of Children > Child between 0-3 (BlueKai),france
7521259,"Audiences by Oracle (BlueKai, Datalogix, AddThis)",1262,Branded Data > Conexance > France - Conexance Demographics > Demographics > Age of Children > Child between 11-15 (BlueKai),france
7521262,"Audiences by Oracle (BlueKai, Datalogix, AddThis)",1262,Branded Data > Conexance > France - Conexance Demographics > Demographics > Age of Children > Child between 16-18 (BlueKai),france
7521253,"Audiences by Oracle (BlueKai, Datalogix, AddThis)",1262,Branded Data > Conexance > France - Conexance Demographics > Demographics > Age of Children > Child between 4-6 (BlueKai),france
7521256,"Audiences by Oracle (BlueKai, Datalogix, AddThis)",1262,Branded Data > Conexance > France - Conexance Demographics > Demographics > Age of Children > Child between 7-10 (BlueKai),france
7892351,"Audiences by Oracle (BlueKai, Datalogix, AddThis)",1262,Branded Data > Mobilewalla > France > General Demography > Young Mothers (BlueKai),france
6753927,"Audiences by Oracle (BlueKai, Datalogix, AddThis)",1262,Oracle Country-Specific Audiences > France (FR) > Demographic > Household Composition > Children in Household (BlueKai),france
6753929,"Audiences by Oracle (BlueKai, Datalogix, AddThis)",1262,Oracle Country-Specific Audiences > France (FR) > Demographic > Household Composition > Children in Household > Yes (BlueKai),france
8576935,"Audiences by Oracle (BlueKai, Datalogix, AddThis)",1262,Oracle Country-Specific Audiences > France (FR) > Hobbies and Interests (Affinity) > Beauty and Style > Fashion and Accessories > Children's (BlueKai),france
8573874,"Audiences by Oracle (BlueKai, Datalogix, AddThis)",1262,Oracle Country-Specific Audiences > France (FR) > Hobbies and Interests (Affinity) > Parenting and Family (BlueKai),france
8575534,"Audiences by Oracle (BlueKai, Datalogix, AddThis)",1262,Oracle Country-Specific Audiences > France (FR) > Hobbies and Interests (Affinity) > Parenting and Family > Men's Interests (Affinity) (BlueKai),france
8575535,"Audiences by Oracle (BlueKai, Datalogix, AddThis)",1262,Oracle Country-Specific Audiences > France (FR) > Hobbies and Interests (Affinity) > Parenting and Family > Parenting Babies and Toddlers (BlueKai),france
8575537,"Audiences by Oracle (BlueKai, Datalogix, AddThis)",1262,Oracle Country-Specific Audiences > France (FR) > Hobbies and Interests (Affinity) > Parenting and Family > Parenting Kids (BlueKai),france
8575531,"Audiences by Oracle (BlueKai, Datalogix, AddThis)",1262,Oracle Country-Specific Audiences > France (FR) > Hobbies and Interests (Affinity) > Parenting and Family > Women's Interests (Affinity) (BlueKai),france
8575543,"Audiences by Oracle (BlueKai, Datalogix, AddThis)",1262,Oracle Country-Specific Audiences > France (FR) > Hobbies and Interests (Affinity) > Shopping > Children's Products (BlueKai),france
8573235,"Audiences by Oracle (BlueKai, Datalogix, AddThis)",1262,Oracle Country-Specific Audiences > France (FR) > Life Stages and Events > Family and Children (Kids) (BlueKai),france
8573999,"Audiences by Oracle (BlueKai, Datalogix, AddThis)",1262,Oracle Country-Specific Audiences > France (FR) > Life Stages and Events > Family and Children (Kids) > New and Growing Families (BlueKai),france
8573997,"Audiences by Oracle (BlueKai, Datalogix, AddThis)",1262,Oracle Country-Specific Audiences > France (FR) > Life Stages and Events > Family and Children (Kids) > New Parents (BlueKai),france
13583395,"Audiences by Oracle (BlueKai, Datalogix, AddThis)",1262,Oracle Country-Specific Audiences > France (FR) > Lifestyles > Parents and Family (BlueKai),france
8573686,"Audiences by Oracle (BlueKai, Datalogix, AddThis)",1262,Oracle Country-Specific Audiences > France (FR) > Lifestyles > Parents and Family > Moms (Mums) (BlueKai),france
8574813,"Audiences by Oracle (BlueKai, Datalogix, AddThis)",1262,Oracle Country-Specific Audiences > France (FR) > Lifestyles > Parents and Family > Moms (Mums) > Trendy Moms (BlueKai),france
7866677,"Audiences by Oracle (BlueKai, Datalogix, AddThis)",1262,Oracle Country-Specific Audiences > France (FR) > Media and Entertainment > Movies > Genres > Children and Family (BlueKai),france
8575184,"Audiences by Oracle (BlueKai, Datalogix, AddThis)",1262,Oracle Country-Specific Audiences > France (FR) > Retail > In-Market > Children's Products (BlueKai),france
8576676,"Audiences by Oracle (BlueKai, Datalogix, AddThis)",1262,Oracle Country-Specific Audiences > France (FR) > Retail > Purchase-Based > Categories > Children's Products Buyers (BlueKai),france
7864435,"Audiences by Oracle (BlueKai, Datalogix, AddThis)",1262,Oracle Country-Specific Audiences > France > Demographic > Validated Demographic > Children in Household (BlueKai),france
7866391,"Audiences by Oracle (BlueKai, Datalogix, AddThis)",1262,Oracle Country-Specific Audiences > France > Demographic > Validated Demographic > Children in Household > No (BlueKai),france
7866392,"Audiences by Oracle (BlueKai, Datalogix, AddThis)",1262,Oracle Country-Specific Audiences > France > Demographic > Validated Demographic > Children in Household > Yes (BlueKai),france
7892391,"Audiences by Oracle (BlueKai, Datalogix, AddThis)",1262,Branded Data > Mobilewalla > Germany > General Demography > Young Mothers (BlueKai),germany
11155096,"Audiences by Oracle (BlueKai, Datalogix, AddThis)",1262,Branded Data > Nordic Data Resources > Germany > Age of Children in Household (BlueKai),germany
11154135,"Audiences by Oracle (BlueKai, Datalogix, AddThis)",1262,Branded Data > Nordic Data Resources > Germany > Age of Children in Household > 12 - 17 Years (Super Target) (BlueKai),germany
11157258,"Audiences by Oracle (BlueKai, Datalogix, AddThis)",1262,Branded Data > Nordic Data Resources > Germany > Age of Children in Household > 5 - 11 Years (Super Target) (BlueKai),germany
11156682,"Audiences by Oracle (BlueKai, Datalogix, AddThis)",1262,Branded Data > Nordic Data Resources > Germany > Age of Children in Household > Over 18 (Super Target) (BlueKai),germany
11154004,"Audiences by Oracle (BlueKai, Datalogix, AddThis)",1262,Branded Data > Nordic Data Resources > Germany > Age of Children in Household > Under 5 Years (Super Target) (BlueKai),germany
11156839,"Audiences by Oracle (BlueKai, Datalogix, AddThis)",1262,Branded Data > Nordic Data Resources > Germany > Consumer Classification > Online Mosaic > (H) Homemaking Parents (BlueKai),germany
11157018,"Audiences by Oracle (BlueKai, Datalogix, AddThis)",1262,Branded Data > Nordic Data Resources > Germany > Life Phases > Families with School Children (Super Target) (BlueKai),germany
11153798,"Audiences by Oracle (BlueKai, Datalogix, AddThis)",1262,Branded Data > Nordic Data Resources > Germany > Life Phases > Families with Teen-Age Kids (Super Target) (BlueKai),germany
11154821,"Audiences by Oracle (BlueKai, Datalogix, AddThis)",1262,Branded Data > Nordic Data Resources > Germany > Life Phases > Families with Toddlers or Young Kids (Super Target) (BlueKai),germany
11156453,"Audiences by Oracle (BlueKai, Datalogix, AddThis)",1262,Branded Data > Nordic Data Resources > Germany > Life Phases > Older Couples with No Kids Living At Home (Super Target) (BlueKai),germany
11156757,"Audiences by Oracle (BlueKai, Datalogix, AddThis)",1262,Branded Data > Nordic Data Resources > Germany > Life Phases > Singles & Young Couples W/O Kids (Super Target) (BlueKai),germany
7517931,"Audiences by Oracle (BlueKai, Datalogix, AddThis)",1262,Branded Data > Semasio > Germany > Intent > Children's & Baby Goods (BlueKai),germany
7517981,"Audiences by Oracle (BlueKai, Datalogix, AddThis)",1262,Branded Data > Semasio > Germany > Interest > Family & Parenting (BlueKai),germany
7848636,"Audiences by Oracle (BlueKai, Datalogix, AddThis)",1262,Oracle Country-Specific Audiences > Germany (DE) > Demographic > Household Composition > Children in Household (BlueKai),germany
7850041,"Audiences by Oracle (BlueKai, Datalogix, AddThis)",1262,Oracle Country-Specific Audiences > Germany (DE) > Demographic > Household Composition > Children in Household > Yes (BlueKai),germany
8576952,"Audiences by Oracle (BlueKai, Datalogix, AddThis)",1262,Oracle Country-Specific Audiences > Germany (DE) > Hobbies and Interests (Affinity) > Beauty and Style > Fashion and Accessories > Children's (BlueKai),germany
8573887,"Audiences by Oracle (BlueKai, Datalogix, AddThis)",1262,Oracle Country-Specific Audiences > Germany (DE) > Hobbies and Interests (Affinity) > Parenting and Family (BlueKai),germany
8575582,"Audiences by Oracle (BlueKai, Datalogix, AddThis)",1262,Oracle Country-Specific Audiences > Germany (DE) > Hobbies and Interests (Affinity) > Parenting and Family > Men's Interests (Affinity) (BlueKai),germany
8575583,"Audiences by Oracle (BlueKai, Datalogix, AddThis)",1262,Oracle Country-Specific Audiences > Germany (DE) > Hobbies and Interests (Affinity) > Parenting and Family > Parenting Babies and Toddlers (BlueKai),germany
8575584,"Audiences by Oracle (BlueKai, Datalogix, AddThis)",1262,Oracle Country-Specific Audiences > Germany (DE) > Hobbies and Interests (Affinity) > Parenting and Family > Parenting Kids (BlueKai),germany
8575591,"Audiences by Oracle (BlueKai, Datalogix, AddThis)",1262,Oracle Country-Specific Audiences > Germany (DE) > Hobbies and Interests (Affinity) > Parenting and Family > Women's Interests (Affinity) (BlueKai),germany
8575599,"Audiences by Oracle (BlueKai, Datalogix, AddThis)",1262,Oracle Country-Specific Audiences > Germany (DE) > Hobbies and Interests (Affinity) > Shopping > Children's Products (BlueKai),germany
8573238,"Audiences by Oracle (BlueKai, Datalogix, AddThis)",1262,Oracle Country-Specific Audiences > Germany (DE) > Life Stages and Events > Family and Children (Kids) (BlueKai),germany
8574008,"Audiences by Oracle (BlueKai, Datalogix, AddThis)",1262,Oracle Country-Specific Audiences > Germany (DE) > Life Stages and Events > Family and Children (Kids) > New and Growing Families (BlueKai),germany
8574005,"Audiences by Oracle (BlueKai, Datalogix, AddThis)",1262,Oracle Country-Specific Audiences > Germany (DE) > Life Stages and Events > Family and Children (Kids) > New Parents (BlueKai),germany
13587088,"Audiences by Oracle (BlueKai, Datalogix, AddThis)",1262,Oracle Country-Specific Audiences > Germany (DE) > Lifestyles > Parents and Family (BlueKai),germany
8573689,"Audiences by Oracle (BlueKai, Datalogix, AddThis)",1262,Oracle Country-Specific Audiences > Germany (DE) > Lifestyles > Parents and Family > Moms (Mums) (BlueKai),germany
8574820,"Audiences by Oracle (BlueKai, Datalogix, AddThis)",1262,Oracle Country-Specific Audiences > Germany (DE) > Lifestyles > Parents and Family > Moms (Mums) > Trendy Moms (BlueKai),germany
7849548,"Audiences by Oracle (BlueKai, Datalogix, AddThis)",1262,Oracle Country-Specific Audiences > Germany (DE) > Media and Entertainment > Movies > Genres > Children and Family (BlueKai),germany
8576727,"Audiences by Oracle (BlueKai, Datalogix, AddThis)",1262,Oracle Country-Specific Audiences > Germany (DE) > Retail > Purchase-Based > Categories > Children's Products Buyers (BlueKai),germany
7850042,"Audiences by Oracle (BlueKai, Datalogix, AddThis)",1262,Oracle Country-Specific Audiences > Germany > Demographic > Household Composition > Children in Household > No (BlueKai),germany
7864436,"Audiences by Oracle (BlueKai, Datalogix, AddThis)",1262,Oracle Country-Specific Audiences > Germany > Demographic > Validated Demographic > Children in Household (BlueKai),germany
7866393,"Audiences by Oracle (BlueKai, Datalogix, AddThis)",1262,Oracle Country-Specific Audiences > Germany > Demographic > Validated Demographic > Children in Household > No (BlueKai),germany
7866394,"Audiences by Oracle (BlueKai, Datalogix, AddThis)",1262,Oracle Country-Specific Audiences > Germany > Demographic > Validated Demographic > Children in Household > Yes (BlueKai),germany
7892618,"Audiences by Oracle (BlueKai, Datalogix, AddThis)",1262,Branded Data > Mobilewalla > Italy > General Demography > Young Mothers (BlueKai),italy
7848639,"Audiences by Oracle (BlueKai, Datalogix, AddThis)",1262,Oracle Country-Specific Audiences > Italy (IT) > Demographic > Household Composition > Children in Household (BlueKai),italy
7850044,"Audiences by Oracle (BlueKai, Datalogix, AddThis)",1262,Oracle Country-Specific Audiences > Italy (IT) > Demographic > Household Composition > Children in Household > Yes (BlueKai),italy
8576966,"Audiences by Oracle (BlueKai, Datalogix, AddThis)",1262,Oracle Country-Specific Audiences > Italy (IT) > Hobbies and Interests (Affinity) > Beauty and Style > Fashion and Accessories > Children's (BlueKai),italy
8573902,"Audiences by Oracle (BlueKai, Datalogix, AddThis)",1262,Oracle Country-Specific Audiences > Italy (IT) > Hobbies and Interests (Affinity) > Parenting and Family (BlueKai),italy
8575655,"Audiences by Oracle (BlueKai, Datalogix, AddThis)",1262,Oracle Country-Specific Audiences > Italy (IT) > Hobbies and Interests (Affinity) > Parenting and Family > Men's Interests (Affinity) (BlueKai),italy
8575656,"Audiences by Oracle (BlueKai, Datalogix, AddThis)",1262,Oracle Country-Specific Audiences > Italy (IT) > Hobbies and Interests (Affinity) > Parenting and Family > Parenting Babies and Toddlers (BlueKai),italy
8575657,"Audiences by Oracle (BlueKai, Datalogix, AddThis)",1262,Oracle Country-Specific Audiences > Italy (IT) > Hobbies and Interests (Affinity) > Parenting and Family > Parenting Kids (BlueKai),italy
8575653,"Audiences by Oracle (BlueKai, Datalogix, AddThis)",1262,Oracle Country-Specific Audiences > Italy (IT) > Hobbies and Interests (Affinity) > Parenting and Family > Women's Interests (Affinity) (BlueKai),italy
8575663,"Audiences by Oracle (BlueKai, Datalogix, AddThis)",1262,Oracle Country-Specific Audiences > Italy (IT) > Hobbies and Interests (Affinity) > Shopping > Children's Products (BlueKai),italy
8573241,"Audiences by Oracle (BlueKai, Datalogix, AddThis)",1262,Oracle Country-Specific Audiences > Italy (IT) > Life Stages and Events > Family and Children (Kids) (BlueKai),italy
8574015,"Audiences by Oracle (BlueKai, Datalogix, AddThis)",1262,Oracle Country-Specific Audiences > Italy (IT) > Life Stages and Events > Family and Children (Kids) > New and Growing Families (BlueKai),italy
8574013,"Audiences by Oracle (BlueKai, Datalogix, AddThis)",1262,Oracle Country-Specific Audiences > Italy (IT) > Life Stages and Events > Family and Children (Kids) > New Parents (BlueKai),italy
13586334,"Audiences by Oracle (BlueKai, Datalogix, AddThis)",1262,Oracle Country-Specific Audiences > Italy (IT) > Lifestyles > Parents and Family (BlueKai),italy
8573692,"Audiences by Oracle (BlueKai, Datalogix, AddThis)",1262,Oracle Country-Specific Audiences > Italy (IT) > Lifestyles > Parents and Family > Moms (Mums) (BlueKai),italy
8574836,"Audiences by Oracle (BlueKai, Datalogix, AddThis)",1262,Oracle Country-Specific Audiences > Italy (IT) > Lifestyles > Parents and Family > Moms (Mums) > Trendy Moms (BlueKai),italy
7849666,"Audiences by Oracle (BlueKai, Datalogix, AddThis)",1262,Oracle Country-Specific Audiences > Italy (IT) > Media and Entertainment > Movies > Genres > Children and Family (BlueKai),italy
8576748,"Audiences by Oracle (BlueKai, Datalogix, AddThis)",1262,Oracle Country-Specific Audiences > Italy (IT) > Retail > Purchase-Based > Categories > Children's Products Buyers (BlueKai),italy
7850045,"Audiences by Oracle (BlueKai, Datalogix, AddThis)",1262,Oracle Country-Specific Audiences > Italy > Demographic > Household Composition > Children in Household > No (BlueKai),italy
7893024,"Audiences by Oracle (BlueKai, Datalogix, AddThis)",1262,Branded Data > Mobilewalla > Spain > General Demography > Young Mothers (BlueKai),spain
7848641,"Audiences by Oracle (BlueKai, Datalogix, AddThis)",1262,Oracle Country-Specific Audiences > Spain (ES) > Demographic > Household Composition > Children in Household (BlueKai),spain
7850049,"Audiences by Oracle (BlueKai, Datalogix, AddThis)",1262,Oracle Country-Specific Audiences > Spain (ES) > Demographic > Household Composition > Children in Household > Yes (BlueKai),spain
8577007,"Audiences by Oracle (BlueKai, Datalogix, AddThis)",1262,Oracle Country-Specific Audiences > Spain (ES) > Hobbies and Interests (Affinity) > Beauty and Style > Fashion and Accessories > Children's (BlueKai),spain
8573942,"Audiences by Oracle (BlueKai, Datalogix, AddThis)",1262,Oracle Country-Specific Audiences > Spain (ES) > Hobbies and Interests (Affinity) > Parenting and Family (BlueKai),spain
8575755,"Audiences by Oracle (BlueKai, Datalogix, AddThis)",1262,Oracle Country-Specific Audiences > Spain (ES) > Hobbies and Interests (Affinity) > Parenting and Family > Men's Interests (Affinity) (BlueKai),spain
8575756,"Audiences by Oracle (BlueKai, Datalogix, AddThis)",1262,Oracle Country-Specific Audiences > Spain (ES) > Hobbies and Interests (Affinity) > Parenting and Family > Parenting Babies and Toddlers (BlueKai),spain
8575757,"Audiences by Oracle (BlueKai, Datalogix, AddThis)",1262,Oracle Country-Specific Audiences > Spain (ES) > Hobbies and Interests (Affinity) > Parenting and Family > Parenting Kids (BlueKai),spain
8575765,"Audiences by Oracle (BlueKai, Datalogix, AddThis)",1262,Oracle Country-Specific Audiences > Spain (ES) > Hobbies and Interests (Affinity) > Parenting and Family > Women's Interests (Affinity) (BlueKai),spain
8575777,"Audiences by Oracle (BlueKai, Datalogix, AddThis)",1262,Oracle Country-Specific Audiences > Spain (ES) > Hobbies and Interests (Affinity) > Shopping > Children's Products (BlueKai),spain
8573252,"Audiences by Oracle (BlueKai, Datalogix, AddThis)",1262,Oracle Country-Specific Audiences > Spain (ES) > Life Stages and Events > Family and Children (Kids) (BlueKai),spain
8574034,"Audiences by Oracle (BlueKai, Datalogix, AddThis)",1262,Oracle Country-Specific Audiences > Spain (ES) > Life Stages and Events > Family and Children (Kids) > New and Growing Families (BlueKai),spain
8574032,"Audiences by Oracle (BlueKai, Datalogix, AddThis)",1262,Oracle Country-Specific Audiences > Spain (ES) > Life Stages and Events > Family and Children (Kids) > New Parents (BlueKai),spain
13588490,"Audiences by Oracle (BlueKai, Datalogix, AddThis)",1262,Oracle Country-Specific Audiences > Spain (ES) > Lifestyles > Parents and Family (BlueKai),spain
8573702,"Audiences by Oracle (BlueKai, Datalogix, AddThis)",1262,Oracle Country-Specific Audiences > Spain (ES) > Lifestyles > Parents and Family > Moms (Mums) (BlueKai),spain
8574862,"Audiences by Oracle (BlueKai, Datalogix, AddThis)",1262,Oracle Country-Specific Audiences > Spain (ES) > Lifestyles > Parents and Family > Moms (Mums) > Trendy Moms (BlueKai),spain
7849972,"Audiences by Oracle (BlueKai, Datalogix, AddThis)",1262,Oracle Country-Specific Audiences > Spain (ES) > Media and Entertainment > Movies > Genres > Children and Family (BlueKai),spain
8576811,"Audiences by Oracle (BlueKai, Datalogix, AddThis)",1262,Oracle Country-Specific Audiences > Spain (ES) > Retail > Purchase-Based > Categories > Children's Products Buyers (BlueKai),spain
7850050,"Audiences by Oracle (BlueKai, Datalogix, AddThis)",1262,Oracle Country-Specific Audiences > Spain > Demographic > Household Composition > Children in Household > No (BlueKai),spain
15102323,"Audiences by Oracle (BlueKai, Datalogix, AddThis)",1262,Branded Data > Nordic Data Resources > Sweden > Family Type > Families with 1 Child (Power Reach) (BlueKai),sweden
11153217,"Audiences by Oracle (BlueKai, Datalogix, AddThis)",1262,Branded Data > Nordic Data Resources > Sweden > Family Type > Families with 1 Child (Super Target) (BlueKai),sweden
15103524,"Audiences by Oracle (BlueKai, Datalogix, AddThis)",1262,Branded Data > Nordic Data Resources > Sweden > Family Type > Families with 2 Children (Power Reach) (BlueKai),sweden
11155560,"Audiences by Oracle (BlueKai, Datalogix, AddThis)",1262,Branded Data > Nordic Data Resources > Sweden > Family Type > Families with 2 Children (Super Target) (BlueKai),sweden
15101702,"Audiences by Oracle (BlueKai, Datalogix, AddThis)",1262,Branded Data > Nordic Data Resources > Sweden > Family Type > Families with 3 Children or More (Power Reach) (BlueKai),sweden
11153077,"Audiences by Oracle (BlueKai, Datalogix, AddThis)",1262,Branded Data > Nordic Data Resources > Sweden > Family Type > Families with 3 Children or More (Super Target) (BlueKai),sweden
15101490,"Audiences by Oracle (BlueKai, Datalogix, AddThis)",1262,Branded Data > Nordic Data Resources > Sweden > Family Type > Have Children (Power Reach) (BlueKai),sweden
11153723,"Audiences by Oracle (BlueKai, Datalogix, AddThis)",1262,Branded Data > Nordic Data Resources > Sweden > Family Type > Have Children (Super Target) (BlueKai),sweden
15101943,"Audiences by Oracle (BlueKai, Datalogix, AddThis)",1262,Branded Data > Nordic Data Resources > Sweden > Family Type > Mature Family with Children (Power Reach) (BlueKai),sweden
11154033,"Audiences by Oracle (BlueKai, Datalogix, AddThis)",1262,Branded Data > Nordic Data Resources > Sweden > Family Type > Mature Family with Children (Super Target) (BlueKai),sweden
15101366,"Audiences by Oracle (BlueKai, Datalogix, AddThis)",1262,Branded Data > Nordic Data Resources > Sweden > Family Type > Mid Aged Without Children (Power Reach) (BlueKai),sweden
11154808,"Audiences by Oracle (BlueKai, Datalogix, AddThis)",1262,Branded Data > Nordic Data Resources > Sweden > Family Type > Mid Aged Without Children (Super Target) (BlueKai),sweden
15103061,"Audiences by Oracle (BlueKai, Datalogix, AddThis)",1262,Branded Data > Nordic Data Resources > Sweden > Family Type > No Children (Power Reach) (BlueKai),sweden
11156324,"Audiences by Oracle (BlueKai, Datalogix, AddThis)",1262,Branded Data > Nordic Data Resources > Sweden > Family Type > No Children (Super Target) (BlueKai),sweden
15103160,"Audiences by Oracle (BlueKai, Datalogix, AddThis)",1262,Branded Data > Nordic Data Resources > Sweden > Family Type > Older Family with Children (Power Reach) (BlueKai),sweden
11154481,"Audiences by Oracle (BlueKai, Datalogix, AddThis)",1262,Branded Data > Nordic Data Resources > Sweden > Family Type > Older Family with Children (Super Target) (BlueKai),sweden
15103300,"Audiences by Oracle (BlueKai, Datalogix, AddThis)",1262,Branded Data > Nordic Data Resources > Sweden > Family Type > Older Family Without Children (Power Reach) (BlueKai),sweden
11157543,"Audiences by Oracle (BlueKai, Datalogix, AddThis)",1262,Branded Data > Nordic Data Resources > Sweden > Family Type > Older Family Without Children (Super Target) (BlueKai),sweden
15102910,"Audiences by Oracle (BlueKai, Datalogix, AddThis)",1262,Branded Data > Nordic Data Resources > Sweden > Family Type > Young Family with Children (Power Reach) (BlueKai),sweden
11156356,"Audiences by Oracle (BlueKai, Datalogix, AddThis)",1262,Branded Data > Nordic Data Resources > Sweden > Family Type > Young Family with Children (Super Target) (BlueKai),sweden
15102148,"Audiences by Oracle (BlueKai, Datalogix, AddThis)",1262,Branded Data > Nordic Data Resources > Sweden > Family Type > Young Without Children (Power Reach) (BlueKai),sweden
11156724,"Audiences by Oracle (BlueKai, Datalogix, AddThis)",1262,Branded Data > Nordic Data Resources > Sweden > Family Type > Young Without Children (Super Target) (BlueKai),sweden
15101535,"Audiences by Oracle (BlueKai, Datalogix, AddThis)",1262,Branded Data > Nordic Data Resources > Sweden > Interests > Children's Wear (Power Reach) (BlueKai),sweden
11153624,"Audiences by Oracle (BlueKai, Datalogix, AddThis)",1262,Branded Data > Nordic Data Resources > Sweden > Interests > Children's Wear (Super Target) (BlueKai),sweden
15101046,"Audiences by Oracle (BlueKai, Datalogix, AddThis)",1262,Branded Data > Nordic Data Resources > Sweden > Media > Newspapers & Magazines > Children & Parenting (Power Reach) (BlueKai),sweden
11153111,"Audiences by Oracle (BlueKai, Datalogix, AddThis)",1262,Branded Data > Nordic Data Resources > Sweden > Media > Newspapers & Magazines > Children & Parenting (Super Target) (BlueKai),sweden
8012947,"Audiences by Oracle (BlueKai, Datalogix, AddThis)",1262,Branded Data > Nordic Data Resources > Sweden > Power Reach > Life Phases > Families With Children (BlueKai),sweden
8012953,"Audiences by Oracle (BlueKai, Datalogix, AddThis)",1262,Branded Data > Nordic Data Resources > Sweden > Power Reach > Life Phases > Older Couples Without Children (BlueKai),sweden
8013084,"Audiences by Oracle (BlueKai, Datalogix, AddThis)",1262,Branded Data > Nordic Data Resources > Sweden > Super Target > Family Type > Families With 1 Child (BlueKai),sweden
8013083,"Audiences by Oracle (BlueKai, Datalogix, AddThis)",1262,Branded Data > Nordic Data Resources > Sweden > Super Target > Family Type > Families With 2 Children (BlueKai),sweden
8013082,"Audiences by Oracle (BlueKai, Datalogix, AddThis)",1262,Branded Data > Nordic Data Resources > Sweden > Super Target > Family Type > Families With 3 Children Or More (BlueKai),sweden
8013076,"Audiences by Oracle (BlueKai, Datalogix, AddThis)",1262,Branded Data > Nordic Data Resources > Sweden > Super Target > Family Type > Have Children (BlueKai),sweden
8013079,"Audiences by Oracle (BlueKai, Datalogix, AddThis)",1262,Branded Data > Nordic Data Resources > Sweden > Super Target > Family Type > Mature Family With Children (BlueKai),sweden
8013078,"Audiences by Oracle (BlueKai, Datalogix, AddThis)",1262,Branded Data > Nordic Data Resources > Sweden > Super Target > Family Type > Mid Aged Without Children (BlueKai),sweden
8013077,"Audiences by Oracle (BlueKai, Datalogix, AddThis)",1262,Branded Data > Nordic Data Resources > Sweden > Super Target > Family Type > No Children (BlueKai),sweden
8013098,"Audiences by Oracle (BlueKai, Datalogix, AddThis)",1262,Branded Data > Nordic Data Resources > Sweden > Super Target > Family Type > Older Family With Children (BlueKai),sweden
8013097,"Audiences by Oracle (BlueKai, Datalogix, AddThis)",1262,Branded Data > Nordic Data Resources > Sweden > Super Target > Family Type > Older Family Without Children (BlueKai),sweden
8013095,"Audiences by Oracle (BlueKai, Datalogix, AddThis)",1262,Branded Data > Nordic Data Resources > Sweden > Super Target > Family Type > Young Family With Children (BlueKai),sweden
8013103,"Audiences by Oracle (BlueKai, Datalogix, AddThis)",1262,Branded Data > Nordic Data Resources > Sweden > Super Target > Family Type > Young Without Children (BlueKai),sweden
8013131,"Audiences by Oracle (BlueKai, Datalogix, AddThis)",1262,Branded Data > Nordic Data Resources > Sweden > Super Target > Interests > Children'S Wear (BlueKai),sweden
8013551,"Audiences by Oracle (BlueKai, Datalogix, AddThis)",1262,Branded Data > Nordic Data Resources > Sweden > Super Target > Media > Newspapers > Children & Parenting (BlueKai),sweden
7518179,"Audiences by Oracle (BlueKai, Datalogix, AddThis)",1262,Branded Data > Semasio > Sweden > Intent > Baby & Children's Goods (BlueKai),sweden
7518193,"Audiences by Oracle (BlueKai, Datalogix, AddThis)",1262,Branded Data > Semasio > Sweden > Interest > Family & Parenting (BlueKai),sweden
11156468,"Audiences by Oracle (BlueKai, Datalogix, AddThis)",1262,"Branded Data > Nordic Data Resources > Denmark > Interests > Interested in Spiritual, Religious (Super Target) (BlueKai)",denmark
8013244,"Audiences by Oracle (BlueKai, Datalogix, AddThis)",1262,Branded Data > Nordic Data Resources > Sweden > Super Target > Interests > Religion (BlueKai),sweden
15101870,"Audiences by Oracle (BlueKai, Datalogix, AddThis)",1262,Branded Data > Nordic Data Resources > Denmark > Shopping > Often Influenced By Advertising (Power Reach) (BlueKai),denmark
15103413,"Audiences by Oracle (BlueKai, Datalogix, AddThis)",1262,Branded Data > Nordic Data Resources > Denmark > Shopping > Conscious About CO2 Emission (Power Reach) (BlueKai),denmark
11153328,"Audiences by Oracle (BlueKai, Datalogix, AddThis)",1262,Branded Data > Nordic Data Resources > Denmark > Shopping > Conscious About CO2 Emission (Super Target) (BlueKai),denmark
15101476,"Audiences by Oracle (BlueKai, Datalogix, AddThis)",1262,Branded Data > Nordic Data Resources > Denmark > Shopping > Environmental Products (Power Reach) (BlueKai),denmark
11154529,"Audiences by Oracle (BlueKai, Datalogix, AddThis)",1262,Branded Data > Nordic Data Resources > Denmark > Shopping > Environmental Products (Super Target) (BlueKai),denmark
15102427,"Audiences by Oracle (BlueKai, Datalogix, AddThis)",1262,Branded Data > Nordic Data Resources > Denmark > Shopping > Prefers Ecological Groceries (Power Reach) (BlueKai),denmark
15101370,"Audiences by Oracle (BlueKai, Datalogix, AddThis)",1262,Branded Data > Nordic Data Resources > Sweden > Consumer Attitudes > Traditionalism (Power Reach) (BlueKai),sweden
11153845,"Audiences by Oracle (BlueKai, Datalogix, AddThis)",1262,Branded Data > Nordic Data Resources > Sweden > Consumer Attitudes > Traditionalism (Super Target) (BlueKai),sweden
15101508,"Audiences by Oracle (BlueKai, Datalogix, AddThis)",1262,Branded Data > Nordic Data Resources > Sweden > Interests > Environmental Care (Power Reach) (BlueKai),sweden
11153779,"Audiences by Oracle (BlueKai, Datalogix, AddThis)",1262,Branded Data > Nordic Data Resources > Sweden > Interests > Environmental Care (Super Target) (BlueKai),sweden
8011184,"Audiences by Oracle (BlueKai, Datalogix, AddThis)",1262,Branded Data > Nordic Data Resources > Sweden > Mosaic > (K) Handy Traditionals (BlueKai),sweden
8011182,"Audiences by Oracle (BlueKai, Datalogix, AddThis)",1262,Branded Data > Nordic Data Resources > Sweden > Mosaic > (L) Older Traditionals (BlueKai),sweden
8011181,"Audiences by Oracle (BlueKai, Datalogix, AddThis)",1262,Branded Data > Nordic Data Resources > Sweden > Mosaic > (M) Restrained Traditionals (BlueKai),sweden
8011188,"Audiences by Oracle (BlueKai, Datalogix, AddThis)",1262,Branded Data > Nordic Data Resources > Sweden > Mosaic > (N) Countryside Traditionals (BlueKai),sweden
11154321,"Audiences by Oracle (BlueKai, Datalogix, AddThis)",1262,Branded Data > Nordic Data Resources > Sweden > Online Mosaic > (K) Handy Traditionals (BlueKai),sweden
11153468,"Audiences by Oracle (BlueKai, Datalogix, AddThis)",1262,Branded Data > Nordic Data Resources > Sweden > Online Mosaic > (L) Older Traditionals (BlueKai),sweden
11156234,"Audiences by Oracle (BlueKai, Datalogix, AddThis)",1262,Branded Data > Nordic Data Resources > Sweden > Online Mosaic > (M) Restrained Traditionals (BlueKai),sweden
11154596,"Audiences by Oracle (BlueKai, Datalogix, AddThis)",1262,Branded Data > Nordic Data Resources > Sweden > Online Mosaic > (N) Countryside Traditionals (BlueKai),sweden
8013152,"Audiences by Oracle (BlueKai, Datalogix, AddThis)",1262,Branded Data > Nordic Data Resources > Sweden > Super Target > Interests > Environmental Care (BlueKai),sweden
8013151,"Audiences by Oracle (BlueKai, Datalogix, AddThis)",1262,Branded Data > Nordic Data Resources > Sweden > Super Target > Interests > Equality (BlueKai),sweden
